product_id,level_1,level_2,level_3,level_4,brand_name,product_name,product_price,first_issue_date
622668151081,,,,,DJI,DJI Mavic,,2020-05-08T20:03:39.000+07:00
270962596155,,,,,ZTE,Axon,,2021-02-06T22:40:40.000+07:00
306732079184,,,,,Logitech,Logitech MX,,2024-06-13T00:11:34.000+07:00
943390838610,,,,,Potensic,Potensic D85,,2021-02-18T23:32:24.000+07:00
333739328412,,,,,DJI,DJI Phantom,,2023-05-30T06:06:07.000+07:00
531577006724,,,,,Alcatel,Alcatel 1,,2020-04-05T05:59:36.000+07:00
349038091914,,,,,Snaptain,Snaptain SP3000,,2021-04-14T17:42:40.000+07:00
635104089007,,,,,LG,LG K,,2022-08-31T08:06:31.000+07:00
932906534646,,,,,Linksys,WRT,,2022-05-08T03:49:02.000+07:00
865903697684,,,,,Honor,Honor 50,,2023-01-21T14:54:18.000+07:00
233114851686,,,,,HP,Spectre,,2020-05-01T10:29:52.000+07:00
190966219612,,,,,Alcatel,Alcatel 1,,2024-04-12T17:08:21.000+07:00
727253929032,,,,,Honor,Honor 50,,2024-04-11T21:40:35.000+07:00
346249541307,,,,,Snaptain,Snaptain SP3000,,2024-03-17T01:24:25.000+07:00
411382432797,,,,,Canon,Canon EOS,,2020-11-21T00:00:51.000+07:00
299023973457,,,,,Infinix,Infinix Zero,,2025-04-22T16:06:37.000+07:00
284664540049,,,,,Sony,Alpha Camera,,2020-06-07T23:37:01.000+07:00
292473075247,,,,,Linksys,WRT,,2024-02-06T13:03:50.000+07:00
299016817098,,,,,Hubsan,Hubsan H501S,,2021-12-27T00:35:36.000+07:00
112758644219,,,,,HP,Pavilion,,2024-01-09T05:22:39.000+07:00
625841649538,,,,,Panasonic,Panasonic Toughbook,,2024-12-12T03:34:34.000+07:00
485840318310,,,,,BlackBerry,BlackBerry Motion,,2022-11-30T05:55:49.000+07:00
763181496676,,,,,Microsoft,Surface Pro,,2023-11-09T14:52:59.000+07:00
906029406233,,,,,Parrot,Parrot Bebop,,2021-04-12T17:47:50.000+07:00
317633315253,,,,,D-Link,DAP Series,,2023-09-28T00:06:11.000+07:00
401762055030,,,,,Google,Chromecast,,2023-07-01T21:31:02.000+07:00
281323228289,,,,,LG,LG Q,,2023-08-11T07:21:54.000+07:00
274500870927,,,,,Razer,Razer Blade,,2025-01-21T01:17:49.000+07:00
505909970205,,,,,Ruko,Ruko F11,,2022-05-09T04:41:34.000+07:00
174597575412,,,,,Xiaomi,Redmi Series,,2020-07-07T05:39:02.000+07:00
907713020998,,,,,Honor,Honor 50,,2023-10-30T21:54:09.000+07:00
758525983075,,,,,ZTE,Blade,,2022-12-25T05:05:41.000+07:00
633150762773,,,,,Panasonic,Panasonic Lumix,,2020-01-03T02:45:22.000+07:00
498050924171,,,,,Xiaomi,Mi Series,,2020-08-16T15:10:52.000+07:00
117384120545,,,,,Sony,Walkman,,2023-02-18T05:09:00.000+07:00
380442473007,,,,,TP-Link,Kasa,,2024-06-13T11:59:19.000+07:00
747811380752,,,,,ZTE,ZTE Blade,,2022-08-16T22:46:34.000+07:00
359532248435,,,,,Contixo,Contixo F22,,2022-06-05T03:19:10.000+07:00
713558266282,,,,,Dell,Alienware,,2020-08-08T01:03:14.000+07:00
754342043664,,,,,Motorola,Moto Z,,2022-01-31T23:48:06.000+07:00
497202991311,,,,,Honor,Honor 50,,2023-09-25T11:01:03.000+07:00
920404557355,,,,,Lenovo,ThinkPad,,2024-01-10T11:48:40.000+07:00
881938563600,,,,,Asus,ROG,,2024-10-14T12:13:16.000+07:00
522226158733,,,,,GoPro,GoPro MAX,,2023-10-29T11:21:20.000+07:00
234960625255,,,,,BlackBerry,BlackBerry Key2,,2021-06-18T07:40:52.000+07:00
396516943396,,,,,Hubsan,Hubsan H501S,,2020-07-18T17:18:07.000+07:00
420251803741,,,,,Acer,Swift,,2024-02-15T22:54:38.000+07:00
264570464937,,,,,Parrot,Parrot Bebop,,2020-12-18T11:46:47.000+07:00
324413388087,,,,,Motorola,Moto G,,2024-03-21T05:51:46.000+07:00
734109199619,,,,,HP,Spectre,,2020-11-26T23:16:15.000+07:00
972500711881,,,,,Toshiba,Toshiba Satellite,,2024-10-19T06:57:33.000+07:00
873272703393,,,,,HP,Envy,,2023-04-20T14:52:17.000+07:00
184650628545,,,,,DBPOWER,DBPOWER MJX X400W,,2020-06-09T14:01:53.000+07:00
260401876335,,,,,Logitech,Logitech G,,2020-01-23T02:22:56.000+07:00
237887438739,,,,,Linksys,Velop,,2020-11-28T08:12:17.000+07:00
306418457264,,,,,Asus,ZenBook,,2020-09-09T00:35:36.000+07:00
461705645354,,,,,LG,LG G,,2020-09-24T04:24:19.000+07:00
496737613927,,,,,Fujitsu,Fujitsu Lifebook,,2022-09-10T23:22:17.000+07:00
393795746101,,,,,Vivo,Vivo Y20,,2024-03-28T11:41:00.000+07:00
789355947723,,,,,Yuneec,Yuneec Typhoon,,2024-11-19T00:29:03.000+07:00
283932462269,,,,,Xiaomi,Black Shark,,2024-07-21T15:04:49.000+07:00
873814217006,,,,,LG,LG V,,2020-03-13T18:55:41.000+07:00
971565891134,,,,,HyperX,HyperX Alloy,,2024-07-17T09:07:59.000+07:00
146637755609,,,,,Snaptain,Snaptain SP350,,2023-07-06T08:32:58.000+07:00
336673934198,,,,,Logitech,Logitech G,,2022-05-10T02:42:49.000+07:00
588110937566,,,,,BlackBerry,BlackBerry Key2,,2021-12-06T11:46:00.000+07:00
549439695261,,,,,Microsoft,Surface Pro,,2022-10-02T06:34:34.000+07:00
511876573252,,,,,Yuneec,Yuneec Breeze,,2023-09-20T01:31:45.000+07:00
559609341214,,,,,DBPOWER,DBPOWER MJX X400W,,2024-12-21T22:10:52.000+07:00
648542529820,,,,,Ruko,Ruko F11 Pro,,2021-05-19T16:35:07.000+07:00
207314131576,,,,,Google,Pixel,,2020-02-02T14:09:35.000+07:00
183264441050,,,,,SteelSeries,SteelSeries Rival,,2021-02-06T13:26:10.000+07:00
266806193867,,,,,Samsung,Galaxy Watch,,2024-12-25T02:31:42.000+07:00
660734142671,,,,,Linksys,WRT,,2023-04-09T01:03:03.000+07:00
278830519648,,,,,D-Link,DIR Series,,2022-04-12T05:54:31.000+07:00
127011169791,,,,,LG,LG Q,,2025-02-26T01:22:33.000+07:00
827008869236,,,,,Holy Stone,Holy Stone HS720,,2022-04-02T00:33:53.000+07:00
815614922016,,,,,GoPro,GoPro HERO,,2021-07-19T07:36:44.000+07:00
489405710357,,,,,LG,LG V,,2023-12-04T16:52:26.000+07:00
476374809203,,,,,Epson,Epson EcoTank,,2023-01-17T04:55:57.000+07:00
614151734325,,,,,Infinix,Infinix Hot,,2021-04-05T16:03:44.000+07:00
436977788691,,,,,Corsair,Corsair M65,,2023-12-05T18:26:11.000+07:00
400421234855,,,,,Microsoft,Surface Pro,,2021-04-26T12:56:49.000+07:00
511226203119,,,,,BlackBerry,BlackBerry Key2,,2020-07-06T15:53:20.000+07:00
407879241641,,,,,Yuneec,Yuneec Breeze,,2022-01-18T06:16:25.000+07:00
977940942611,,,,,Asus,ZenBook,,2024-07-26T05:12:04.000+07:00
172363799824,,,,,Vivo,Vivo Y20,,2020-08-20T20:04:56.000+07:00
121916007209,,,,,Epson,Epson EcoTank,,2021-04-26T10:17:16.000+07:00
521060337234,,,,,Razer,Razer Phone,,2023-02-09T13:14:49.000+07:00
789186466940,,,,,Nokia,Nokia 5,,2024-10-22T06:33:00.000+07:00
515002295447,,,,,BlackBerry,BlackBerry Motion,,2020-07-07T15:16:31.000+07:00
380006810805,,,,,Lenovo,Legion,,2021-10-19T09:02:32.000+07:00
137705426009,,,,,Netgear,Orbi,,2021-07-20T18:51:06.000+07:00
247570144173,,,,,Xiaomi,Mi Series,,2024-10-08T00:48:38.000+07:00
978825563352,,,,,D-Link,DIR Series,,2023-01-03T04:15:58.000+07:00
116341029609,,,,,D-Link,DAP Series,,2022-09-05T21:09:14.000+07:00
328693228750,,,,,Tecno,Tecno Camon,,2025-02-25T11:26:41.000+07:00
802835236642,,,,,Acer,Predator,,2024-12-15T17:22:54.000+07:00
156994978828,,,,,HP,Envy,,2020-08-16T12:47:52.000+07:00
817322022241,,,,,Lenovo,IdeaPad,,2024-11-28T15:29:19.000+07:00
122727107055,,,,,DBPOWER,DBPOWER MJX X400W,,2020-10-28T07:27:14.000+07:00
752124197174,,,,,SteelSeries,SteelSeries Apex,,2022-12-16T19:26:07.000+07:00
677766950747,,,,,Dell,Inspiron,,2025-04-30T10:25:02.000+07:00
498509955329,,,,,DJI,DJI Mavic,,2024-11-03T11:34:00.000+07:00
856262635798,,,,,Vivo,Vivo X Series,,2024-12-21T03:24:37.000+07:00
789881102438,,,,,Netgear,Orbi,,2024-01-18T18:21:52.000+07:00
939441618357,,,,,DBPOWER,DBPOWER MJX X400W,,2020-12-18T19:50:10.000+07:00
663007848146,,,,,LG,LG K,,2025-03-13T00:53:37.000+07:00
739081693623,,,,,TP-Link,Deco,,2025-05-04T01:40:03.000+07:00
371985841283,,,,,ZTE,ZTE Axon,,2024-10-31T13:24:04.000+07:00
613542803085,,,,,Xiaomi,Poco Series,,2025-02-14T02:53:54.000+07:00
790508613232,,,,,D-Link,DAP Series,,2023-08-23T07:03:53.000+07:00
277416637447,,,,,Oppo,Reno Series,,2020-08-12T19:15:23.000+07:00
581575511905,,,,,SteelSeries,SteelSeries Rival,,2020-03-12T09:47:30.000+07:00
472883050872,,,,,Nikon,Nikon Z Series,,2023-10-18T11:52:44.000+07:00
921652808726,,,,,Skydio,Skydio 2,,2024-12-19T00:23:13.000+07:00
546430338351,,,,,Nikon,Nikon D Series,,2023-12-16T07:11:24.000+07:00
683950695079,,,,,Hubsan,Hubsan Zino,,2021-04-07T08:05:44.000+07:00
248702174872,,,,,Holy Stone,Holy Stone HS720,,2023-10-07T00:15:50.000+07:00
328555709373,,,,,Oppo,Find Series,,2025-03-22T08:41:58.000+07:00
543484081483,,,,,Google,Chromecast,,2020-04-08T15:47:08.000+07:00
248047023189,,,,,Epson,Epson WorkForce,,2024-08-25T12:20:02.000+07:00
941307245824,,,,,Xiaomi,Black Shark,,2021-06-22T04:50:18.000+07:00
632898425380,,,,,TCL,BlackBerry,,2025-03-12T12:22:03.000+07:00
251202568072,,,,,Ruko,Ruko F11,,2023-07-21T20:23:49.000+07:00
225854909408,,,,,DBPOWER,DBPOWER MJX X400W,,2024-01-18T15:04:30.000+07:00
797174920978,,,,,Motorola,Moto Z,,2021-08-31T19:08:40.000+07:00
270760064855,,,,,Lenovo,Legion,,2022-04-22T04:54:33.000+07:00
297884961624,,,,,Olympus,Olympus Tough,,2024-06-20T16:27:29.000+07:00
151117250415,,,,,Asus,VivoBook,,2024-11-04T05:35:53.000+07:00
837086531618,,,,,BlackBerry,BlackBerry Motion,,2025-05-21T21:45:34.000+07:00
632900983552,,,,,Syma,Syma X5C,,2022-04-06T11:21:05.000+07:00
182751121625,,,,,Corsair,Corsair M65,,2025-05-28T22:28:37.000+07:00
265328586312,,,,,Holy Stone,Holy Stone HS110D,,2023-05-08T22:35:26.000+07:00
301087312909,,,,,Fujitsu,Fujitsu Lifebook,,2021-06-20T05:11:51.000+07:00
437331184495,,,,,Snaptain,Snaptain SP3000,,2025-02-02T05:41:46.000+07:00
139810176455,,,,,Panasonic,Panasonic Toughbook,,2021-02-20T02:01:50.000+07:00
705598997752,,,,,JJRC,JJRC H37,,2022-07-10T06:34:41.000+07:00
641486703129,,,,,Syma,Syma X8G,,2022-06-06T00:05:34.000+07:00
337769357145,,,,,Huawei,Nova Series,,2025-03-04T19:58:50.000+07:00
302967489100,,,,,Autel Robotics,Autel EVO,,2021-11-07T18:21:45.000+07:00
350805542071,,,,,OnePlus,OnePlus Nord,,2022-11-16T14:56:16.000+07:00
950640701855,,,,,Xiaomi,Mi Series,,2021-08-18T01:34:37.000+07:00
558390760378,,,,,Snaptain,Snaptain SP350,,2024-10-30T20:34:37.000+07:00
540550962860,,,,,Snaptain,Snaptain SP350,,2020-12-13T10:05:22.000+07:00
593661142708,,,,,Sony,PlayStation,,2020-09-05T20:10:09.000+07:00
915664549520,,,,,Olympus,Olympus Tough,,2023-02-15T03:59:15.000+07:00
677224421280,,,,,Acer,Predator,,2024-04-22T06:38:44.000+07:00
357271562507,,,,,Canon,Canon EOS,,2024-01-14T15:30:34.000+07:00
629904947643,,,,,Xiaomi,Poco Series,,2020-07-13T18:50:28.000+07:00
680931798498,,,,,Honor,Honor 50,,2024-12-15T12:17:33.000+07:00
484351847739,,,,,LG,LG Stylo,,2021-01-01T05:51:04.000+07:00
128821678818,,,,,Realme,Realme Narzo,,2025-05-08T08:02:39.000+07:00
612189598201,,,,,Razer,Razer Blade,,2024-06-06T08:41:49.000+07:00
415690543692,,,,,Nikon,Nikon Z Series,,2025-05-29T05:13:32.000+07:00
905762157753,,,,,Tecno,Tecno Camon,,2023-06-17T05:42:28.000+07:00
206417773054,,,,,Netgear,Orbi,,2021-05-05T15:40:16.000+07:00
882977345901,,,,,GoPro,GoPro MAX,,2020-09-01T16:51:00.000+07:00
415738635464,,,,,Tecno,Tecno Camon,,2020-01-06T12:13:30.000+07:00
824233986633,,,,,Razer,Razer Phone,,2024-11-23T00:05:19.000+07:00
500579011067,,,,,Razer,Razer Blade,,2023-10-29T07:38:49.000+07:00
620600461927,,,,,JJRC,JJRC H37,,2021-09-18T19:37:35.000+07:00
490785047556,,,,,Linksys,Velop,,2023-03-24T22:48:42.000+07:00
459178100619,,,,,Dell,XPS,,2021-10-08T12:16:11.000+07:00
806911889450,,,,,Autel Robotics,Autel EVO,,2023-11-11T17:00:00.000+07:00
330965608601,,,,,ZTE,Axon,,2020-05-31T07:16:37.000+07:00
984041347044,,,,,Dell,Inspiron,,2023-04-16T06:46:39.000+07:00
605634955586,,,,,Linksys,Velop,,2024-05-30T20:12:56.000+07:00
528756325341,,,,,Microsoft,Surface Book,,2023-10-16T10:00:28.000+07:00
128961904797,,,,,Vivo,Vivo Y20,,2025-03-14T19:38:32.000+07:00
255289331104,,,,,Vivo,Vivo V21,,2025-01-01T11:05:40.000+07:00
469971763926,,,,,Holy Stone,Holy Stone HS720,,2022-05-01T09:12:48.000+07:00
658820446250,,,,,Sharp,Sharp Plasmacluster,,2022-12-26T12:58:30.000+07:00
286695473093,,,,,Dell,Inspiron,,2023-09-26T23:18:28.000+07:00
115383094079,,,,,Ruko,Ruko F11 Pro,,2021-09-22T22:17:07.000+07:00
467762288271,,,,,Dell,Inspiron,,2020-07-16T00:39:34.000+07:00
635120382723,,,,,Contixo,Contixo F18,,2025-05-31T22:03:01.000+07:00
603116580637,,,,,Netgear,Orbi,,2021-02-11T17:20:45.000+07:00
961475771006,,,,,DJI,DJI Phantom,,2021-12-28T11:08:01.000+07:00
571912296284,,,,,BlackBerry,BlackBerry Motion,,2023-10-01T17:33:51.000+07:00
694597680615,,,,,Microsoft,Surface Pro,,2021-10-25T07:15:57.000+07:00
934012455784,,,,,Samsung,Galaxy Watch,,2024-09-03T03:55:07.000+07:00
921951006904,,,,,Tecno,Tecno Spark,,2022-10-04T16:18:50.000+07:00
328013513140,,,,,Apple,AirPods,,2022-11-27T23:53:03.000+07:00
814323827208,,,,,Nokia,Nokia 2,,2021-01-25T01:15:08.000+07:00
105081532987,,,,,TCL,BlackBerry,,2020-09-01T01:04:38.000+07:00
570209757380,,,,,Logitech,Logitech G,,2020-12-18T14:21:25.000+07:00
907298418788,,,,,Nikon,Nikon Z Series,,2021-06-09T08:51:26.000+07:00
267609339880,,,,,Motorola,Moto G,,2022-01-20T10:14:26.000+07:00
703024045159,,,,,HyperX,HyperX Alloy,,2020-02-02T21:48:41.000+07:00
389847914766,,,,,Yuneec,Yuneec Typhoon,,2021-02-13T10:30:19.000+07:00
910183877570,,,,,HyperX,HyperX Alloy,,2023-06-07T01:07:11.000+07:00
761414755591,,,,,Snaptain,Snaptain SP350,,2020-12-22T15:33:53.000+07:00
132783665740,,,,,Infinix,Infinix Zero,,2025-05-04T02:18:17.000+07:00
166862170787,,,,,Asus,ROG,,2020-12-13T14:39:29.000+07:00
888125217714,,,,,TCL,BlackBerry,,2024-04-07T21:45:42.000+07:00
683143263091,,,,,BenQ,BenQ PD Series,,2020-04-14T19:46:38.000+07:00
139391090181,,,,,Huawei,Honor,,2022-04-03T22:05:24.000+07:00
338340889638,,,,,Nokia,Nokia 7,,2022-11-17T01:27:23.000+07:00
174296722980,,,,,Motorola,Moto E,,2022-10-01T22:50:24.000+07:00
699722175350,,,,,Infinix,Infinix Hot,,2020-09-17T12:35:45.000+07:00
341229833700,,,,,Tecno,Tecno Spark,,2025-02-11T15:45:58.000+07:00
472978798259,,,,,Alcatel,Alcatel 3,,2021-06-23T03:17:28.000+07:00
725783331020,,,,,Canon,Canon EOS,,2021-12-02T18:18:23.000+07:00
405194723526,,,,,Ruko,Ruko F11,,2020-04-14T12:31:00.000+07:00
308675495036,,,,,Parrot,Parrot Bebop,,2023-11-23T08:43:26.000+07:00
329451356317,,,,,Logitech,Logitech G,,2024-07-27T07:36:53.000+07:00
178937530266,,,,,Sony,PlayStation,,2022-08-08T11:41:11.000+07:00
787648013017,,,,,Razer,Razer Blade,,2021-12-17T17:47:56.000+07:00
625482927587,,,,,Epson,Epson WorkForce,,2020-02-18T02:06:09.000+07:00
942624181092,,,,,D-Link,DIR Series,,2021-12-17T07:46:16.000+07:00
526985868495,,,,,Sony,Alpha Camera,,2021-08-06T14:56:54.000+07:00
610549182723,,,,,Nokia,Nokia 1,,2025-05-23T08:59:15.000+07:00
135994050281,,,,,Snaptain,Snaptain SP3000,,2024-02-24T18:29:36.000+07:00
630385652545,,,,,Skydio,Skydio X2,,2021-08-12T08:53:35.000+07:00
418012863422,,,,,Tecno,Tecno Camon,,2024-01-10T11:20:13.000+07:00
783091760528,,,,,BenQ,BenQ SW Series,,2021-11-06T09:53:09.000+07:00
710317298874,,,,,Syma,Syma X5C,,2021-07-06T14:42:36.000+07:00
431890743781,,,,,Snaptain,Snaptain SP350,,2020-02-11T13:33:58.000+07:00
257012717200,,,,,Canon,Canon EOS,,2021-05-30T08:58:19.000+07:00
499015000160,,,,,Ruko,Ruko F11 Pro,,2023-07-31T17:18:19.000+07:00
213738924728,,,,,HP,Spectre,,2024-03-20T22:59:42.000+07:00
734949431724,,,,,Lenovo,Legion,,2022-01-22T01:23:51.000+07:00
204678723865,,,,,Fujitsu,Fujitsu Stylistic,,2024-02-20T12:33:44.000+07:00
623091711286,,,,,Lenovo,ThinkPad,,2020-02-18T10:42:57.000+07:00
319710668874,,,,,BlackBerry,BlackBerry Motion,,2021-03-27T16:21:46.000+07:00
561982282244,,,,,Syma,Syma X8G,,2021-01-31T23:49:10.000+07:00
114957225153,,,,,HP,Spectre,,2023-02-09T15:42:36.000+07:00
892688588165,,,,,Hubsan,Hubsan Zino,,2022-05-15T15:11:10.000+07:00
840878039397,,,,,Fujitsu,Fujitsu Stylistic,,2020-11-10T01:45:25.000+07:00
594073070752,,,,,Realme,Realme 8,,2021-11-12T22:30:16.000+07:00
453354574182,,,,,Holy Stone,Holy Stone HS720,,2022-09-29T21:55:56.000+07:00
732541552019,,,,,Motorola,Moto E,,2021-08-05T04:20:05.000+07:00
477092622594,,,,,Sony,Bravia,,2021-04-20T04:10:02.000+07:00
838377932229,,,,,HP,Pavilion,,2023-07-19T14:35:35.000+07:00
930529166063,,,,,DBPOWER,DBPOWER MJX X400W,,2022-03-04T19:05:26.000+07:00
181675959170,,,,,Honor,Honor 50,,2024-01-10T00:03:29.000+07:00
518597687178,,,,,Realme,Realme Narzo,,2022-09-22T09:35:56.000+07:00
527186487188,,,,,Toshiba,Toshiba Satellite,,2024-05-15T18:46:43.000+07:00
915058806329,,,,,Autel Robotics,Autel EVO,,2022-12-28T03:20:29.000+07:00
914327110160,,,,,SteelSeries,SteelSeries Rival,,2020-08-21T20:06:21.000+07:00
487141752243,,,,,Fujitsu,Fujitsu Stylistic,,2021-12-17T19:12:11.000+07:00
375006124081,,,,,Apple,AirPods,,2023-07-31T21:44:45.000+07:00
143707568771,,,,,Huawei,P Series,,2021-11-21T13:41:29.000+07:00
948908365412,,,,,JJRC,JJRC H37,,2020-03-27T05:58:07.000+07:00
421438350600,,,,,HyperX,HyperX Cloud,,2020-08-27T19:47:36.000+07:00
545936274507,,,,,Realme,Realme Narzo,,2024-05-26T15:02:57.000+07:00
901872783247,,,,,Toshiba,Toshiba Satellite,,2023-02-14T10:10:52.000+07:00
867152033564,,,,,Xiaomi,Poco Series,,2022-03-16T21:40:29.000+07:00
729575002820,,,,,GoPro,GoPro MAX,,2020-01-06T12:57:39.000+07:00
417532677171,,,,,Infinix,Infinix Zero,,2025-03-30T13:14:48.000+07:00
851704407553,,,,,Toshiba,Toshiba Tecra,,2021-12-21T10:53:48.000+07:00
729743326390,,,,,ZTE,ZTE Blade,,2020-09-03T07:27:37.000+07:00
293731475142,,,,,Logitech,Logitech MX,,2022-01-09T04:50:32.000+07:00
325784738402,,,,,Vivo,Vivo Y20,,2023-10-25T20:19:57.000+07:00
477998965285,,,,,Realme,Realme 8,,2020-09-20T16:04:05.000+07:00
697423362554,,,,,DBPOWER,DBPOWER MJX X400W,,2021-08-13T06:07:19.000+07:00
913627733429,,,,,Microsoft,Surface Pro,,2020-10-09T08:43:46.000+07:00
362884736904,,,,,BlackBerry,BlackBerry Motion,,2024-01-02T01:27:39.000+07:00
736436213204,,,,,Snaptain,Snaptain SP3000,,2020-01-30T23:42:26.000+07:00
951593346020,,,,,JJRC,JJRC H37,,2020-02-24T12:19:46.000+07:00
524136439305,,,,,LG,LG V,,2023-03-01T15:20:45.000+07:00
252899667791,,,,,Contixo,Contixo F18,,2023-11-22T00:44:43.000+07:00
744865574125,,,,,Hubsan,Hubsan Zino,,2023-04-13T10:45:24.000+07:00
650576938648,,,,,Nikon,Nikon Z Series,,2022-04-17T21:53:50.000+07:00
353929660236,,,,,Linksys,Velop,,2021-06-14T08:11:58.000+07:00
261049977152,,,,,Vivo,Vivo Y20,,2023-04-02T19:09:26.000+07:00
480248611025,,,,,Contixo,Contixo F22,,2025-02-20T09:42:48.000+07:00
613008916682,,,,,Microsoft,Surface Laptop,,2021-07-07T20:08:39.000+07:00
501654260412,,,,,Syma,Syma X8G,,2020-09-30T03:27:27.000+07:00
245676952348,,,,,Fujifilm,Fujifilm X Series,,2021-09-21T03:52:41.000+07:00
972098120500,,,,,Syma,Syma X8G,,2020-02-24T21:30:25.000+07:00
256925898307,,,,,Parrot,Parrot Bebop,,2024-05-26T22:51:56.000+07:00
219767881038,,,,,Huawei,Nova Series,,2024-09-12T18:26:24.000+07:00
129289769294,,,,,Microsoft,Surface Pro,,2024-08-20T12:50:21.000+07:00
458413505328,,,,,DJI,DJI Mavic,,2022-06-11T19:25:34.000+07:00
418795279020,,,,,DBPOWER,DBPOWER UDI U842,,2023-05-14T19:22:30.000+07:00
993303078643,,,,,Ruko,Ruko F11 Pro,,2023-07-15T11:09:12.000+07:00
322222098935,,,,,Realme,Realme 8,,2021-04-30T19:24:28.000+07:00
803461866641,,,,,Oppo,Find Series,,2021-10-01T00:32:48.000+07:00
960883828303,,,,,Tecno,Tecno Spark,,2021-02-13T09:40:51.000+07:00
585619161096,,,,,Samsung,Galaxy S,,2021-03-21T19:35:25.000+07:00
899674233511,,,,,BlackBerry,BlackBerry Motion,,2024-09-30T21:08:46.000+07:00
756689762527,,,,,Razer,Razer Phone,,2021-05-13T01:35:44.000+07:00
821034401731,,,,,Holy Stone,Holy Stone HS110D,,2021-07-21T02:52:54.000+07:00
215797950162,,,,,Huawei,Y Series,,2022-11-19T15:57:10.000+07:00
733772764070,,,,,Ruko,Ruko F11,,2020-08-12T21:37:47.000+07:00
874714352779,,,,,GoPro,GoPro HERO,,2024-12-09T21:09:25.000+07:00
870631961185,,,,,Google,Pixel,,2022-06-04T18:38:53.000+07:00
951143308892,,,,,Snaptain,Snaptain SP350,,2022-10-27T18:41:34.000+07:00
513148409269,,,,,BlackBerry,BlackBerry Motion,,2024-11-03T13:02:14.000+07:00
638671337113,,,,,Nokia,Nokia 3,,2025-04-29T18:38:22.000+07:00
455731499956,,,,,Samsung,Galaxy Note,,2021-09-03T17:28:36.000+07:00
391204909978,,,,,Infinix,Infinix Zero,,2025-04-15T23:47:23.000+07:00
688209646607,,,,,Nikon,Nikon D Series,,2024-07-28T16:45:27.000+07:00
568404888749,,,,,HyperX,HyperX Cloud,,2024-11-29T21:22:12.000+07:00
604838213461,,,,,ZTE,ZTE Axon,,2020-01-14T02:00:08.000+07:00
135290357226,,,,,BenQ,BenQ PD Series,,2020-02-14T02:24:08.000+07:00
890469979363,,,,,Contixo,Contixo F22,,2025-04-20T06:14:28.000+07:00
676432289653,,,,,Vivo,Vivo V Series,,2025-01-14T16:18:20.000+07:00
168949999516,,,,,Infinix,Infinix Zero,,2023-01-01T05:10:34.000+07:00
294230671179,,,,,Snaptain,Snaptain SP350,,2022-08-23T21:13:00.000+07:00
627554053715,,,,,Hubsan,Hubsan Zino,,2020-02-05T08:34:56.000+07:00
378654147774,,,,,Olympus,Olympus Tough,,2022-05-17T01:10:35.000+07:00
762793496664,,,,,Autel Robotics,Autel EVO,,2024-09-01T14:28:54.000+07:00
537145563793,,,,,Microsoft,Surface Book,,2025-01-31T07:22:39.000+07:00
204588833229,,,,,HP,Pavilion,,2020-01-02T21:32:35.000+07:00
640568151860,,,,,Ruko,Ruko F11,,2021-08-02T16:51:59.000+07:00
662969737021,,,,,LG,LG K,,2023-05-23T11:27:32.000+07:00
297057703542,,,,,Huawei,Nova Series,,2020-08-12T22:39:50.000+07:00
894610225326,,,,,Vivo,Vivo V Series,,2022-03-02T11:15:02.000+07:00
510645269344,,,,,Vivo,Vivo V Series,,2020-02-28T12:25:55.000+07:00
658610405686,,,,,Yuneec,Yuneec Typhoon,,2021-01-22T15:36:04.000+07:00
932620835329,,,,,TCL,BlackBerry,,2024-11-07T06:54:41.000+07:00
587985312903,,,,,SteelSeries,SteelSeries Apex,,2022-08-29T18:55:24.000+07:00
423143248454,,,,,Skydio,Skydio X2,,2023-05-19T12:27:47.000+07:00
515631946025,,,,,Huawei,Y Series,,2020-06-07T06:02:07.000+07:00
471395778634,,,,,Corsair,Corsair M65,,2021-02-11T13:11:25.000+07:00
290028843801,,,,,BenQ,BenQ SW Series,,2023-11-10T07:54:44.000+07:00
231678690750,,,,,Samsung,Galaxy S,,2022-02-02T07:18:29.000+07:00
904654288387,,,,,Linksys,Velop,,2023-08-31T01:41:08.000+07:00
249597812722,,,,,Dell,XPS,,2024-07-18T08:50:27.000+07:00
673550426673,,,,,HP,Spectre,,2020-12-02T22:26:08.000+07:00
823999973440,,,,,Contixo,Contixo F22,,2022-09-13T07:09:33.000+07:00
498443595236,,,,,Lenovo,Legion,,2023-06-06T05:25:49.000+07:00
122507582504,,,,,TP-Link,Deco,,2020-02-02T12:10:34.000+07:00
737654882311,,,,,TCL,BlackBerry,,2022-05-16T18:34:25.000+07:00
479648959637,,,,,Holy Stone,Holy Stone HS110D,,2020-02-05T05:07:58.000+07:00
696944931287,,,,,Panasonic,Panasonic Toughbook,,2020-02-29T12:59:15.000+07:00
234000079081,,,,,Tecno,Tecno Spark,,2020-08-13T10:17:38.000+07:00
291304519177,,,,,Samsung,Galaxy A,,2022-11-13T02:36:10.000+07:00
625505159496,,,,,Corsair,Corsair M65,,2024-01-02T17:40:37.000+07:00
791131872109,,,,,Autel Robotics,Autel EVO,,2023-04-17T06:42:57.000+07:00
410242343420,,,,,DJI,DJI Phantom,,2022-03-21T01:06:17.000+07:00
462051433913,,,,,Panasonic,Panasonic Lumix,,2022-04-20T02:30:11.000+07:00
257869611174,,,,,Google,Pixel,,2021-03-12T15:08:36.000+07:00
819718780732,,,,,Logitech,Logitech G,,2024-08-20T04:12:38.000+07:00
363467976683,,,,,Canon,Canon PIXMA,,2024-06-16T07:19:45.000+07:00
980994800339,,,,,Snaptain,Snaptain SP350,,2021-01-22T14:36:04.000+07:00
586784550411,,,,,Huawei,Y Series,,2024-12-09T19:23:19.000+07:00
852943626884,,,,,BlackBerry,BlackBerry Key2,,2022-01-26T15:19:37.000+07:00
860045883191,,,,,Olympus,Olympus Tough,,2023-12-03T15:37:46.000+07:00
551463062213,,,,,Tecno,Tecno Spark,,2020-12-26T07:23:19.000+07:00
549070786024,,,,,Dell,XPS,,2024-03-04T09:07:19.000+07:00
524759978040,,,,,Vivo,Vivo Y20,,2023-01-29T08:30:28.000+07:00
107921508955,,,,,BenQ,BenQ SW Series,,2025-04-01T10:31:48.000+07:00
504743106112,,,,,DJI,DJI Phantom,,2021-03-10T03:48:43.000+07:00
198170129605,,,,,Netgear,Nighthawk,,2023-02-10T17:14:20.000+07:00
649209670774,,,,,Sony,Bravia,,2025-02-10T19:22:32.000+07:00
679567105766,,,,,Hubsan,Hubsan H501S,,2025-05-10T16:12:19.000+07:00
672875317004,,,,,HyperX,HyperX Cloud,,2020-02-05T19:30:45.000+07:00
571366071270,,,,,Oppo,Reno Series,,2021-05-17T15:01:54.000+07:00
671155872678,,,,,Asus,VivoBook,,2020-03-31T11:04:56.000+07:00
128810777206,,,,,Fujitsu,Fujitsu Lifebook,,2021-10-19T01:57:54.000+07:00
165466761416,,,,,Dell,XPS,,2022-10-06T13:11:54.000+07:00
712428545545,,,,,Nokia,Nokia 3,,2020-03-16T00:59:40.000+07:00
904565466165,,,,,Apple,iPad,,2023-08-01T06:25:05.000+07:00
545889784479,,,,,HP,Pavilion,,2021-12-01T08:42:15.000+07:00
221485772289,,,,,Canon,Canon EOS,,2020-11-06T11:19:46.000+07:00
497883227123,,,,,ZTE,Axon,,2023-01-21T10:30:09.000+07:00
290723463640,,,,,Motorola,Moto Z,,2023-11-05T04:41:41.000+07:00
628905993197,,,,,Holy Stone,Holy Stone HS720,,2021-07-08T21:53:16.000+07:00
166622534516,,,,,Dell,Inspiron,,2024-04-22T03:02:14.000+07:00
632563325873,,,,,Nokia,Nokia 3,,2020-12-21T14:40:22.000+07:00
148669704513,,,,,GoPro,GoPro MAX,,2023-02-22T21:08:13.000+07:00
426169941195,,,,,Fujitsu,Fujitsu Stylistic,,2022-11-14T00:31:35.000+07:00
267881780576,,,,,Sony,Xperia,,2022-04-07T14:57:39.000+07:00
196052528567,,,,,Samsung,Galaxy Note,,2022-12-01T06:13:23.000+07:00
360501076525,,,,,GoPro,GoPro MAX,,2020-03-12T22:40:07.000+07:00
756362661795,,,,,HP,Spectre,,2020-05-21T16:21:25.000+07:00
954827173592,,,,,Logitech,Logitech G,,2021-04-05T23:49:25.000+07:00
264868238447,,,,,OnePlus,OnePlus 9,,2023-05-11T12:26:57.000+07:00
354276423315,,,,,Google,Pixel,,2020-10-12T10:24:30.000+07:00
873713746234,,,,,HP,Envy,,2020-05-06T07:30:48.000+07:00
812251968482,,,,,Xiaomi,Poco Series,,2021-10-28T11:05:58.000+07:00
242643169686,,,,,Acer,Predator,,2020-07-16T17:55:40.000+07:00
874725664839,,,,,JJRC,JJRC H68,,2020-08-08T19:14:28.000+07:00
792124305605,,,,,Nikon,Nikon Z Series,,2022-10-09T03:11:15.000+07:00
712189350345,,,,,Olympus,Olympus Tough,,2024-12-12T17:33:43.000+07:00
941091633415,,,,,Xiaomi,Black Shark,,2024-08-14T14:20:45.000+07:00
426234518785,,,,,BenQ,BenQ SW Series,,2024-05-31T10:28:20.000+07:00
643043839690,,,,,Canon,Canon PIXMA,,2025-03-01T03:47:39.000+07:00
948220107118,,,,,Epson,Epson EcoTank,,2022-01-28T05:59:38.000+07:00
427092805126,,,,,ZTE,ZTE Blade,,2021-11-28T05:06:35.000+07:00
943691109516,,,,,Realme,Realme Narzo,,2023-06-19T00:43:10.000+07:00
121581313656,,,,,Honor,Honor 50,,2022-07-26T03:20:55.000+07:00
780932366349,,,,,Olympus,Olympus OM-D,,2020-11-23T13:07:04.000+07:00
469765418514,,,,,Hubsan,Hubsan Zino,,2023-09-22T23:02:46.000+07:00
426488857196,,,,,DBPOWER,DBPOWER MJX X400W,,2020-03-11T03:46:24.000+07:00
163207159220,,,,,LG,LG K,,2023-11-29T19:48:46.000+07:00
648976485273,,,,,Panasonic,Panasonic Lumix,,2023-09-24T11:11:57.000+07:00
489646477426,,,,,Razer,Razer Blade,,2021-04-27T14:58:52.000+07:00
616613434187,,,,,Olympus,Olympus Tough,,2023-06-20T01:45:07.000+07:00
171007259346,,,,,LG,LG G,,2020-04-09T11:03:49.000+07:00
448583562641,,,,,Huawei,Mate Series,,2020-10-22T00:48:24.000+07:00
375408869757,,,,,SteelSeries,SteelSeries Apex,,2021-10-05T23:01:27.000+07:00
462992727165,,,,,Nikon,Nikon Z Series,,2021-02-16T14:29:02.000+07:00
214466519461,,,,,Holy Stone,Holy Stone HS720,,2023-04-12T19:35:36.000+07:00
900247939561,,,,,Lenovo,ThinkPad,,2023-12-08T04:47:05.000+07:00
657818599541,,,,,Hubsan,Hubsan H501S,,2023-01-24T15:55:34.000+07:00
365994038547,,,,,Skydio,Skydio 2,,2022-10-14T23:06:21.000+07:00
254085811594,,,,,Snaptain,Snaptain SP350,,2025-03-05T21:46:59.000+07:00
451168462337,,,,,Hubsan,Hubsan Zino,,2024-09-16T03:26:36.000+07:00
538597036462,,,,,Nokia,Nokia 7,,2020-08-21T09:16:23.000+07:00
589396326820,,,,,Huawei,Nova Series,,2024-10-11T02:38:06.000+07:00
286535805986,,,,,Nikon,Nikon D Series,,2024-10-06T18:32:27.000+07:00
900926803658,,,,,LG,LG G,,2023-11-03T07:48:50.000+07:00
841973863051,,,,,Google,Pixel,,2024-05-03T07:52:35.000+07:00
222069429376,,,,,Panasonic,Panasonic Lumix,,2021-12-31T11:38:08.000+07:00
462066674927,,,,,Sharp,Sharp Aquos,,2021-01-23T23:42:30.000+07:00
523019164830,,,,,BenQ,BenQ SW Series,,2021-11-05T12:52:24.000+07:00
609506455423,,,,,BlackBerry,BlackBerry Motion,,2023-09-14T07:20:57.000+07:00
277303690941,,,,,Huawei,Honor,,2021-02-10T17:33:53.000+07:00
632762352266,,,,,Tecno,Tecno Spark,,2023-02-14T17:24:55.000+07:00
355438077269,,,,,Oppo,Reno Series,,2021-07-10T20:32:53.000+07:00
326145314470,,,,,DBPOWER,DBPOWER MJX X400W,,2020-11-12T17:38:28.000+07:00
198044701816,,,,,Microsoft,Surface Book,,2020-03-15T17:41:45.000+07:00
801287998745,,,,,Motorola,Moto E,,2023-07-03T19:09:05.000+07:00
981178917660,,,,,Asus,ROG,,2025-04-20T10:06:41.000+07:00
197694785682,,,,,Nikon,Nikon Z Series,,2020-06-17T20:35:36.000+07:00
565656726868,,,,,Hubsan,Hubsan Zino,,2021-10-09T00:43:30.000+07:00
686522806079,,,,,Canon,Canon PIXMA,,2023-04-03T13:33:19.000+07:00
853688348934,,,,,Sharp,Sharp Plasmacluster,,2021-08-13T05:28:38.000+07:00
918138634140,,,,,Fujitsu,Fujitsu Lifebook,,2020-05-01T08:27:44.000+07:00
803869227740,,,,,Sharp,Sharp Plasmacluster,,2021-04-03T02:05:23.000+07:00
560834856688,,,,,Panasonic,Panasonic Toughbook,,2022-10-26T12:25:34.000+07:00
741874708769,,,,,Netgear,Nighthawk,,2021-02-23T21:55:10.000+07:00
469665834765,,,,,Hubsan,Hubsan Zino,,2024-06-26T15:00:35.000+07:00
540469544912,,,,,Motorola,Moto Z,,2022-03-04T14:22:30.000+07:00
333016590056,,,,,Nikon,Nikon D Series,,2022-08-27T10:57:24.000+07:00
643463690622,,,,,Netgear,Nighthawk,,2020-05-25T14:04:44.000+07:00
294286748508,,,,,Samsung,Galaxy Tab,,2024-10-13T17:56:05.000+07:00
876098702609,,,,,Potensic,Potensic D85,,2021-03-31T09:01:44.000+07:00
228837093259,,,,,Honor,Honor V40,,2023-01-31T13:47:25.000+07:00
648998493563,,,,,Linksys,Velop,,2021-10-08T09:44:36.000+07:00
249919227600,,,,,Dell,Alienware,,2023-08-28T16:44:34.000+07:00
644218507664,,,,,Panasonic,Panasonic Toughbook,,2021-12-07T07:47:07.000+07:00
176324434690,,,,,Google,Nest,,2021-07-09T20:08:39.000+07:00
205780555422,,,,,Realme,Realme Narzo,,2023-01-12T16:56:42.000+07:00
345248243677,,,,,Parrot,Parrot Bebop,,2021-09-28T15:49:24.000+07:00
674849024114,,,,,Canon,Canon EOS,,2022-11-25T10:22:50.000+07:00
973537931469,,,,,Fujifilm,Fujifilm X Series,,2021-01-08T15:24:08.000+07:00
276060282352,,,,,Skydio,Skydio 2,,2021-01-24T16:31:03.000+07:00
200488527106,,,,,Corsair,Corsair M65,,2025-05-19T14:13:48.000+07:00
232071658712,,,,,Toshiba,Toshiba Tecra,,2021-06-06T08:15:42.000+07:00
709074381378,,,,,Autel Robotics,Autel X-Star,,2020-02-16T02:34:43.000+07:00
418671611400,,,,,Dell,Alienware,,2023-01-31T20:38:37.000+07:00
904038433766,,,,,Acer,Predator,,2024-03-17T19:11:13.000+07:00
852073957000,,,,,Linksys,WRT,,2021-07-23T07:12:28.000+07:00
739651413774,,,,,HP,Envy,,2020-09-22T00:11:17.000+07:00
964726130067,,,,,Toshiba,Toshiba Satellite,,2024-06-13T18:36:29.000+07:00
452688874783,,,,,BlackBerry,BlackBerry Key2,,2022-05-19T03:04:16.000+07:00
502405489916,,,,,HP,Pavilion,,2023-06-22T10:05:57.000+07:00
242090331387,,,,,Logitech,Logitech MX,,2020-06-15T22:40:41.000+07:00
808411198004,,,,,LG,LG G,,2020-10-07T13:17:53.000+07:00
835227086709,,,,,ZTE,ZTE Axon,,2024-08-22T01:41:18.000+07:00
943001971709,,,,,Fujitsu,Fujitsu Stylistic,,2021-03-21T16:34:39.000+07:00
921735095467,,,,,GoPro,GoPro MAX,,2021-03-13T09:53:51.000+07:00
503212042409,,,,,Sony,Alpha Camera,,2023-11-10T14:10:53.000+07:00
373766346046,,,,,Netgear,Nighthawk,,2023-08-03T06:27:17.000+07:00
186498551261,,,,,Sharp,Sharp Plasmacluster,,2020-08-11T15:42:45.000+07:00
197016334305,,,,,Epson,Epson EcoTank,,2021-03-18T11:03:50.000+07:00
344572573299,,,,,HyperX,HyperX Alloy,,2020-06-15T06:21:41.000+07:00
677461276439,,,,,Snaptain,Snaptain SP350,,2024-09-18T14:32:12.000+07:00
756251125391,,,,,Canon,Canon EOS,,2023-06-15T18:57:51.000+07:00
853981362810,,,,,Dell,XPS,,2023-09-08T05:20:24.000+07:00
467447140116,,,,,Dell,Alienware,,2022-12-15T08:03:47.000+07:00
130475418061,,,,,Xiaomi,Black Shark,,2021-11-27T19:54:13.000+07:00
198629562949,,,,,Google,Chromecast,,2020-09-29T08:34:53.000+07:00
169665299568,,,,,Fujitsu,Fujitsu Stylistic,,2020-10-16T02:00:22.000+07:00
447505542748,,,,,Ruko,Ruko F11,,2020-11-25T09:58:07.000+07:00
955676041153,,,,,Razer,Razer Blade,,2020-06-25T02:30:13.000+07:00
182783863513,,,,,Netgear,Orbi,,2021-01-05T15:59:49.000+07:00
300330267958,,,,,Panasonic,Panasonic Lumix,,2024-03-08T21:09:03.000+07:00
472959935982,,,,,Samsung,Galaxy Tab,,2022-07-26T00:49:06.000+07:00
760618116531,,,,,Motorola,Moto Z,,2023-05-31T12:50:15.000+07:00
218547393373,,,,,DBPOWER,DBPOWER UDI U842,,2020-02-02T05:51:26.000+07:00
128052525458,,,,,Acer,Aspire,,2021-10-09T00:08:56.000+07:00
128977609329,,,,,ZTE,ZTE Blade,,2020-05-09T06:38:06.000+07:00
529576762928,,,,,Alcatel,Alcatel 1,,2022-09-07T16:54:07.000+07:00
579530181179,,,,,GoPro,GoPro HERO,,2020-05-26T01:43:53.000+07:00
306288048964,,,,,Parrot,Parrot Bebop,,2023-12-08T11:47:29.000+07:00
127133866302,,,,,Epson,Epson WorkForce,,2022-05-22T02:58:30.000+07:00
591555242983,,,,,Contixo,Contixo F18,,2021-07-25T01:06:29.000+07:00
673449255130,,,,,Yuneec,Yuneec Breeze,,2023-08-28T22:08:39.000+07:00
836874446842,,,,,Alcatel,Alcatel 1,,2023-05-30T10:11:17.000+07:00
629015630528,,,,,Infinix,Infinix Hot,,2020-01-12T01:36:54.000+07:00
341096450661,,,,,Lenovo,Legion,,2020-10-01T02:11:04.000+07:00
403467965783,,,,,Tecno,Tecno Spark,,2021-07-14T23:41:03.000+07:00
744651594359,,,,,SteelSeries,SteelSeries Apex,,2021-07-23T20:19:05.000+07:00
647038731806,,,,,Yuneec,Yuneec Breeze,,2025-05-02T12:12:55.000+07:00
709546555365,,,,,Razer,Razer Blade,,2022-07-08T19:12:46.000+07:00
597293361493,,,,,Epson,Epson WorkForce,,2020-10-27T09:14:30.000+07:00
165484374701,,,,,Tecno,Tecno Camon,,2022-05-29T16:34:14.000+07:00
799375490866,,,,,Parrot,Parrot Anafi,,2023-12-27T19:04:21.000+07:00
819572766830,,,,,Corsair,Corsair M65,,2022-12-20T08:53:13.000+07:00
837596189511,,,,,Syma,Syma X8G,,2020-01-24T22:27:33.000+07:00
841122759401,,,,,Canon,Canon EOS,,2020-06-25T11:03:08.000+07:00
615618260341,,,,,Infinix,Infinix Hot,,2020-01-28T18:54:06.000+07:00
634901978317,,,,,Asus,ZenBook,,2024-10-16T18:18:50.000+07:00
275756970332,,,,,Razer,Razer Blade,,2022-01-20T23:22:44.000+07:00
312971550524,,,,,Skydio,Skydio 2,,2024-11-26T19:12:23.000+07:00
962659563636,,,,,Holy Stone,Holy Stone HS110D,,2023-07-11T05:02:06.000+07:00
253522496104,,,,,DBPOWER,DBPOWER MJX X400W,,2022-05-01T19:19:46.000+07:00
576848791601,,,,,Sharp,Sharp Aquos,,2022-12-18T08:26:42.000+07:00
190393876802,,,,,Oppo,Reno Series,,2022-07-14T00:02:08.000+07:00
907638637390,,,,,Epson,Epson EcoTank,,2025-02-23T08:47:45.000+07:00
273080978394,,,,,Canon,Canon EOS,,2023-09-19T12:25:32.000+07:00
844066986662,,,,,Skydio,Skydio X2,,2022-07-16T17:54:03.000+07:00
210332114856,,,,,Microsoft,Surface Pro,,2021-07-01T03:11:30.000+07:00
475962043786,,,,,Contixo,Contixo F18,,2020-08-04T09:41:43.000+07:00
679706580511,,,,,Sony,Alpha Camera,,2020-09-26T09:28:47.000+07:00
368157488940,,,,,Nikon,Nikon D Series,,2023-03-06T03:34:04.000+07:00
680738581367,,,,,Nikon,Nikon D Series,,2022-06-06T14:55:06.000+07:00
880580160330,,,,,Apple,iPad,,2022-09-27T06:09:38.000+07:00
582820456372,,,,,Olympus,Olympus Tough,,2022-07-22T22:49:55.000+07:00
991916744014,,,,,Epson,Epson WorkForce,,2022-01-24T03:21:02.000+07:00
321254471786,,,,,JJRC,JJRC H37,,2021-07-21T15:44:35.000+07:00
722656630732,,,,,Olympus,Olympus OM-D,,2023-03-08T21:40:25.000+07:00
854037683685,,,,,Toshiba,Toshiba Tecra,,2025-01-21T00:00:04.000+07:00
680089316729,,,,,BenQ,BenQ SW Series,,2020-12-23T23:34:18.000+07:00
633053634365,,,,,Tecno,Tecno Spark,,2024-12-23T22:31:37.000+07:00
176884951132,,,,,Alcatel,Alcatel 3,,2023-05-21T06:11:53.000+07:00
237702057949,,,,,Potensic,Potensic D80,,2020-10-06T22:38:02.000+07:00
359040543232,,,,,Infinix,Infinix Hot,,2021-05-15T10:59:12.000+07:00
912519700968,,,,,Ruko,Ruko F11,,2020-01-19T04:34:46.000+07:00
637463774853,,,,,Razer,Razer Phone,,2023-11-04T16:41:53.000+07:00
998509474861,,,,,Samsung,Galaxy Note,,2024-11-20T01:53:32.000+07:00
718906231477,,,,,Logitech,Logitech MX,,2025-04-07T14:14:50.000+07:00
504177281350,,,,,Yuneec,Yuneec Typhoon,,2025-03-09T12:30:10.000+07:00
867476502327,,,,,Samsung,Galaxy S,,2022-05-13T06:46:17.000+07:00
805485167101,,,,,Logitech,Logitech G,,2024-04-06T10:18:11.000+07:00
276521781947,,,,,Lenovo,ThinkPad,,2024-09-11T22:21:38.000+07:00
209731956409,,,,,Apple,MacBook,,2023-11-21T09:06:13.000+07:00
667717812483,,,,,JJRC,JJRC H68,,2024-05-02T16:29:48.000+07:00
986000732921,,,,,Nokia,Nokia 5,,2023-09-08T00:44:18.000+07:00
771058582001,,,,,Lenovo,Legion,,2020-12-30T23:03:03.000+07:00
517747320284,,,,,Vivo,Vivo Y Series,,2023-05-08T18:24:38.000+07:00
392010714817,,,,,Xiaomi,Poco Series,,2021-01-20T04:08:22.000+07:00
960843678877,,,,,Hubsan,Hubsan Zino,,2023-12-31T17:54:44.000+07:00
589491280431,,,,,Microsoft,Surface Pro,,2020-08-30T13:32:56.000+07:00
345910793120,,,,,BenQ,BenQ SW Series,,2024-11-27T06:55:28.000+07:00
584471034092,,,,,DBPOWER,DBPOWER MJX X400W,,2021-10-17T07:28:23.000+07:00
122396092829,,,,,TCL,BlackBerry,,2022-01-10T06:18:19.000+07:00
337042891218,,,,,SteelSeries,SteelSeries Apex,,2024-11-13T12:04:21.000+07:00
638652419726,,,,,Epson,Epson WorkForce,,2020-02-14T23:32:21.000+07:00
142434873015,,,,,Sony,PlayStation,,2022-12-08T22:04:20.000+07:00
110325568344,,,,,Motorola,Moto E,,2023-10-10T15:05:53.000+07:00
746056685926,,,,,Sharp,Sharp Aquos,,2024-10-21T17:33:52.000+07:00
380581486755,,,,,Autel Robotics,Autel EVO,,2022-01-28T20:47:08.000+07:00
787491458103,,,,,BlackBerry,BlackBerry Motion,,2024-12-15T02:30:07.000+07:00
360954519786,,,,,DJI,DJI Phantom,,2024-04-09T04:57:26.000+07:00
245344107010,,,,,Honor,Honor V40,,2024-08-13T14:54:05.000+07:00
688979900445,,,,,Alcatel,Alcatel 1,,2021-09-16T19:29:03.000+07:00
994552875733,,,,,LG,LG Stylo,,2024-03-31T11:52:53.000+07:00
560766816410,,,,,Panasonic,Panasonic Toughbook,,2025-02-17T09:03:54.000+07:00
984768436140,,,,,Hubsan,Hubsan H501S,,2024-03-16T03:27:57.000+07:00
365293665837,,,,,Sony,Xperia,,2023-11-02T13:36:01.000+07:00
700091450352,,,,,Epson,Epson WorkForce,,2022-03-07T20:35:33.000+07:00
651040351017,,,,,Nokia,Nokia 3,,2021-06-29T22:34:29.000+07:00
557146831696,,,,,Asus,VivoBook,,2020-03-10T13:25:37.000+07:00
647069600563,,,,,Snaptain,Snaptain SP350,,2021-01-03T15:33:47.000+07:00
872736474918,,,,,Motorola,Moto E,,2024-08-01T10:18:55.000+07:00
379015930206,,,,,Snaptain,Snaptain SP3000,,2021-11-15T14:29:09.000+07:00
862320267870,,,,,Panasonic,Panasonic Toughbook,,2022-12-17T14:23:51.000+07:00
563121203665,,,,,HP,Spectre,,2024-07-15T07:54:10.000+07:00
681004117916,,,,,Honor,Honor 50,,2021-06-20T16:49:52.000+07:00
315912288961,,,,,Hubsan,Hubsan Zino,,2024-03-25T13:36:11.000+07:00
179301792485,,,,,Acer,Swift,,2022-11-16T23:40:48.000+07:00
202030924697,,,,,HP,Spectre,,2022-11-15T14:26:34.000+07:00
916111866045,,,,,Skydio,Skydio X2,,2020-07-28T12:20:05.000+07:00
198660543320,,,,,Razer,Razer Blade,,2021-08-13T08:59:20.000+07:00
326668900594,,,,,Google,Chromecast,,2021-01-05T07:08:54.000+07:00
318892947926,,,,,Syma,Syma X5C,,2024-11-25T21:08:28.000+07:00
976670609501,,,,,Ruko,Ruko F11,,2022-06-18T23:02:42.000+07:00
180274373145,,,,,Logitech,Logitech MX,,2024-05-24T04:25:16.000+07:00
710324617399,,,,,Snaptain,Snaptain SP3000,,2020-12-12T20:38:07.000+07:00
272088595596,,,,,Nokia,Nokia 7,,2022-02-24T07:34:00.000+07:00
253030979708,,,,,Snaptain,Snaptain SP3000,,2020-11-17T21:20:05.000+07:00
549877771665,,,,,HP,Spectre,,2020-04-12T14:01:14.000+07:00
434106666138,,,,,Motorola,Moto G,,2023-12-26T21:05:39.000+07:00
868424241860,,,,,Motorola,Moto E,,2025-05-19T14:08:06.000+07:00
174281090853,,,,,Lenovo,ThinkPad,,2023-12-06T23:58:14.000+07:00
617863787470,,,,,Apple,Apple Watch,,2021-05-10T20:53:20.000+07:00
367492842998,,,,,Toshiba,Toshiba Tecra,,2022-08-31T17:42:05.000+07:00
538280755332,,,,,Infinix,Infinix Zero,,2024-04-28T19:28:02.000+07:00
568525139674,,,,,Fujifilm,Fujifilm X Series,,2023-02-20T01:14:36.000+07:00
765121538719,,,,,Lenovo,ThinkPad,,2023-01-22T06:06:55.000+07:00
396521206903,,,,,Vivo,Vivo V Series,,2020-02-07T03:41:09.000+07:00
654107619880,,,,,GoPro,GoPro MAX,,2024-05-02T05:53:12.000+07:00
294894633626,,,,,Hubsan,Hubsan Zino,,2024-08-30T15:42:11.000+07:00
529919919018,,,,,TP-Link,Archer,,2021-09-15T10:44:12.000+07:00
181482716148,,,,,BenQ,BenQ SW Series,,2022-06-05T01:38:44.000+07:00
535127807156,,,,,Nikon,Nikon D Series,,2022-07-10T02:38:19.000+07:00
780134463218,,,,,Acer,Aspire,,2024-11-29T17:46:40.000+07:00
565400635756,,,,,HP,Pavilion,,2025-04-15T06:44:52.000+07:00
134188906336,,,,,Sony,Bravia,,2020-03-25T03:43:06.000+07:00
411533798582,,,,,SteelSeries,SteelSeries Rival,,2020-07-24T23:44:23.000+07:00
155371644405,,,,,Google,Chromecast,,2025-04-16T02:17:52.000+07:00
168591155084,,,,,Alcatel,Alcatel 3,,2022-12-02T20:36:16.000+07:00
353523159922,,,,,Nokia,Nokia 1,,2020-06-30T20:06:21.000+07:00
596626079554,,,,,Vivo,Vivo V21,,2022-10-07T10:59:39.000+07:00
710892181503,,,,,Hubsan,Hubsan Zino,,2020-05-23T21:50:19.000+07:00
348404934649,,,,,Vivo,Vivo V Series,,2020-02-28T01:44:08.000+07:00
139006588807,,,,,SteelSeries,SteelSeries Apex,,2020-02-27T15:55:53.000+07:00
549511968221,,,,,Nokia,Nokia 7,,2021-11-05T05:56:17.000+07:00
888079460988,,,,,Xiaomi,Black Shark,,2021-12-09T19:06:25.000+07:00
679235517141,,,,,OnePlus,OnePlus Nord,,2024-02-19T00:15:59.000+07:00
779048808531,,,,,Fujifilm,Fujifilm X Series,,2023-08-08T19:34:25.000+07:00
539982221158,,,,,Microsoft,Surface Book,,2023-06-05T21:49:03.000+07:00
303346921927,,,,,Infinix,Infinix Hot,,2022-02-10T00:07:41.000+07:00
795938789027,,,,,Holy Stone,Holy Stone HS720,,2021-07-21T22:15:34.000+07:00
342841847099,,,,,BenQ,BenQ PD Series,,2021-03-01T10:27:03.000+07:00
803651036913,,,,,Hubsan,Hubsan Zino,,2024-07-27T16:43:38.000+07:00
113831641787,,,,,Contixo,Contixo F18,,2023-09-09T11:12:22.000+07:00
245927301113,,,,,Alcatel,Alcatel 1,,2021-11-28T22:34:59.000+07:00
104656036542,,,,,DBPOWER,DBPOWER MJX X400W,,2024-04-26T01:20:58.000+07:00
331269228834,,,,,Canon,Canon EOS,,2021-08-10T04:19:16.000+07:00
377896837880,,,,,Razer,Razer Phone,,2022-10-05T06:36:52.000+07:00
505849538105,,,,,Panasonic,Panasonic Lumix,,2024-01-02T10:14:35.000+07:00
308462207576,,,,,Canon,Canon PIXMA,,2022-06-28T22:45:02.000+07:00
277935345052,,,,,Corsair,Corsair M65,,2024-06-29T14:52:06.000+07:00
974460114952,,,,,GoPro,GoPro HERO,,2020-06-03T08:51:30.000+07:00
284599677219,,,,,Logitech,Logitech MX,,2023-04-11T18:56:47.000+07:00
279200654792,,,,,Yuneec,Yuneec Breeze,,2022-04-04T16:02:23.000+07:00
928326676271,,,,,Potensic,Potensic D85,,2024-07-17T19:23:12.000+07:00
884155316950,,,,,Realme,Realme Narzo,,2021-10-03T20:05:39.000+07:00
981706228003,,,,,Panasonic,Panasonic Toughbook,,2020-03-22T23:02:16.000+07:00
319422686980,,,,,Yuneec,Yuneec Breeze,,2024-06-06T09:19:21.000+07:00
740499629645,,,,,HP,Pavilion,,2023-08-26T11:44:18.000+07:00
833366047563,,,,,Huawei,P Series,,2020-04-01T12:51:11.000+07:00
228496215148,,,,,SteelSeries,SteelSeries Apex,,2023-06-22T05:24:18.000+07:00
915795473945,,,,,Razer,Razer Phone,,2020-03-10T19:55:25.000+07:00
143767894505,,,,,Alcatel,Alcatel 1,,2023-03-30T03:45:57.000+07:00
474684875560,,,,,Netgear,Orbi,,2021-07-05T13:47:55.000+07:00
787249265816,,,,,Samsung,Galaxy Note,,2021-11-03T06:05:32.000+07:00
764711701848,,,,,Nikon,Nikon Z Series,,2023-10-06T18:29:25.000+07:00
230661343309,,,,,DBPOWER,DBPOWER UDI U842,,2020-08-18T01:02:15.000+07:00
229347342693,,,,,Logitech,Logitech G,,2022-06-19T23:19:41.000+07:00
426388430397,,,,,Corsair,Corsair M65,,2020-05-18T08:14:34.000+07:00
541738134895,,,,,Canon,Canon EOS,,2020-10-08T10:05:45.000+07:00
476861125957,,,,,Parrot,Parrot Anafi,,2021-11-21T14:28:45.000+07:00
289965005813,,,,,TP-Link,Deco,,2020-05-30T21:05:47.000+07:00
212010335369,,,,,Linksys,WRT,,2021-08-13T06:01:30.000+07:00
546238012781,,,,,Apple,Apple Watch,,2022-05-24T02:31:49.000+07:00
685399535293,,,,,Hubsan,Hubsan H501S,,2024-08-05T03:43:08.000+07:00
941452788595,,,,,GoPro,GoPro MAX,,2022-06-30T04:47:03.000+07:00
436972249164,,,,,Autel Robotics,Autel EVO,,2022-05-01T02:47:46.000+07:00
670329788611,,,,,Infinix,Infinix Hot,,2021-07-14T11:09:38.000+07:00
915640606355,,,,,Snaptain,Snaptain SP350,,2025-05-07T23:08:46.000+07:00
108649864203,,,,,Toshiba,Toshiba Satellite,,2023-12-23T18:02:28.000+07:00
810539614814,,,,,Acer,Predator,,2024-03-06T18:03:42.000+07:00
522069847539,,,,,Samsung,Galaxy Note,,2023-01-17T03:35:48.000+07:00
980840327949,,,,,GoPro,GoPro HERO,,2021-03-10T21:12:41.000+07:00
116588201202,,,,,SteelSeries,SteelSeries Rival,,2021-10-08T19:08:15.000+07:00
495211511327,,,,,Hubsan,Hubsan Zino,,2024-12-16T23:05:28.000+07:00
725587630334,,,,,Asus,ROG,,2024-03-16T10:45:01.000+07:00
793665021582,,,,,Honor,Honor V40,,2024-02-29T07:48:33.000+07:00
598478235378,,,,,Asus,VivoBook,,2024-08-07T02:26:20.000+07:00
259234212979,,,,,BenQ,BenQ PD Series,,2020-02-26T01:47:09.000+07:00
797693812357,,,,,Autel Robotics,Autel X-Star,,2022-03-19T02:58:00.000+07:00
719967751688,,,,,ZTE,Blade,,2025-02-27T16:23:47.000+07:00
810684518505,,,,,Apple,MacBook,,2023-08-24T00:19:04.000+07:00
301154132000,,,,,Vivo,Vivo Y20,,2024-05-15T10:18:31.000+07:00
404184132440,,,,,Oppo,A Series,,2021-04-12T21:48:47.000+07:00
495499742304,,,,,TP-Link,Archer,,2023-06-26T06:40:10.000+07:00
885802998960,,,,,Dell,XPS,,2023-10-30T00:48:54.000+07:00
359242698938,,,,,Nikon,Nikon D Series,,2025-05-22T16:09:22.000+07:00
190884124816,,,,,Logitech,Logitech MX,,2021-01-14T23:42:50.000+07:00
968835515577,,,,,ZTE,ZTE Blade,,2024-12-24T03:54:28.000+07:00
637058772677,,,,,TP-Link,Archer,,2024-06-18T05:44:40.000+07:00
626346238285,,,,,Epson,Epson WorkForce,,2022-06-26T16:44:05.000+07:00
804146489568,,,,,Asus,VivoBook,,2020-01-31T04:52:22.000+07:00
548721763008,,,,,Sony,PlayStation,,2025-04-22T08:26:05.000+07:00
167395351661,,,,,GoPro,GoPro HERO,,2020-05-01T21:29:17.000+07:00
456421221743,,,,,Infinix,Infinix Zero,,2021-04-24T02:28:18.000+07:00
438013359439,,,,,Logitech,Logitech G,,2023-11-21T04:14:50.000+07:00
182677151518,,,,,SteelSeries,SteelSeries Rival,,2020-01-20T04:56:31.000+07:00
646322538182,,,,,Corsair,Corsair M65,,2023-05-26T23:03:03.000+07:00
684577271429,,,,,Fujifilm,Fujifilm X Series,,2023-07-09T23:47:13.000+07:00
909936072179,,,,,BlackBerry,BlackBerry Motion,,2021-12-16T10:21:14.000+07:00
334846957575,,,,,Vivo,Vivo X Series,,2023-05-13T10:45:18.000+07:00
279293071345,,,,,TCL,Alcatel,,2023-08-15T07:42:33.000+07:00
693750196324,,,,,Toshiba,Toshiba Satellite,,2020-04-27T20:02:01.000+07:00
656776916006,,,,,ZTE,Axon,,2022-06-05T05:03:09.000+07:00
202584484448,,,,,Fujifilm,Fujifilm X Series,,2021-03-15T04:21:37.000+07:00
889804178247,,,,,Vivo,Vivo Y20,,2025-01-31T23:00:28.000+07:00
419301587467,,,,,Tecno,Tecno Spark,,2022-03-27T11:03:42.000+07:00
236124379254,,,,,ZTE,ZTE Blade,,2021-12-14T02:51:51.000+07:00
157251541162,,,,,Fujifilm,Fujifilm GFX,,2024-06-17T15:45:41.000+07:00
270873433858,,,,,Fujitsu,Fujitsu Stylistic,,2023-10-28T03:22:51.000+07:00
437314955451,,,,,Panasonic,Panasonic Lumix,,2023-12-25T01:11:47.000+07:00
511454929106,,,,,Huawei,P Series,,2023-12-13T04:39:21.000+07:00
200974529123,,,,,Huawei,Mate Series,,2021-06-20T11:36:01.000+07:00
302791727968,,,,,TCL,Alcatel,,2024-04-15T00:45:57.000+07:00
947804436774,,,,,GoPro,GoPro HERO,,2023-03-26T11:53:59.000+07:00
798679845063,,,,,Infinix,Infinix Zero,,2022-07-30T11:44:03.000+07:00
764247723332,,,,,ZTE,ZTE Blade,,2022-10-20T22:18:21.000+07:00
416179090635,,,,,BenQ,BenQ SW Series,,2024-07-12T06:41:02.000+07:00
181177256126,,,,,Alcatel,Alcatel 1,,2022-01-30T11:10:04.000+07:00
588973571587,,,,,LG,LG K,,2024-09-09T11:00:37.000+07:00
969146297954,,,,,Autel Robotics,Autel X-Star,,2025-05-15T16:06:43.000+07:00
961008649630,,,,,Yuneec,Yuneec Breeze,,2023-05-26T12:02:34.000+07:00
259973908964,,,,,Fujitsu,Fujitsu Lifebook,,2022-06-23T23:54:37.000+07:00
671058239080,,,,,Tecno,Tecno Camon,,2020-11-14T12:34:56.000+07:00
955537366402,,,,,Lenovo,IdeaPad,,2020-12-06T20:08:08.000+07:00
898666052670,,,,,Lenovo,IdeaPad,,2021-03-14T09:46:56.000+07:00
948519851620,,,,,Logitech,Logitech MX,,2021-07-17T10:50:31.000+07:00
349820837052,,,,,DJI,DJI Mavic,,2024-10-02T00:28:49.000+07:00
674283873094,,,,,Razer,Razer Phone,,2024-02-15T19:37:11.000+07:00
783876676335,,,,,D-Link,DIR Series,,2021-11-04T22:04:46.000+07:00
419579798786,,,,,ZTE,Axon,,2022-05-14T19:05:41.000+07:00
817790505479,,,,,Ruko,Ruko F11 Pro,,2022-10-06T23:28:37.000+07:00
156084953161,,,,,Alcatel,Alcatel 1,,2021-07-10T04:57:04.000+07:00
548618554551,,,,,JJRC,JJRC H37,,2023-10-11T03:58:00.000+07:00
914912483213,,,,,HP,Pavilion,,2021-09-22T19:55:35.000+07:00
503271344574,,,,,Acer,Predator,,2020-03-11T18:45:58.000+07:00
338789817134,,,,,Snaptain,Snaptain SP350,,2022-05-18T18:59:56.000+07:00
213281939311,,,,,Motorola,Moto Z,,2023-06-10T11:22:55.000+07:00
785173718131,,,,,Dell,XPS,,2025-02-14T02:55:36.000+07:00
829822630642,,,,,TP-Link,Archer,,2024-05-17T00:35:11.000+07:00
106056746055,,,,,BlackBerry,BlackBerry Motion,,2023-12-15T07:51:55.000+07:00
262472304558,,,,,Panasonic,Panasonic Toughbook,,2021-02-28T19:34:34.000+07:00
850735888351,,,,,Linksys,WRT,,2021-10-07T08:21:54.000+07:00
535800755140,,,,,TP-Link,Kasa,,2020-05-24T15:40:07.000+07:00
614153369214,,,,,Yuneec,Yuneec Breeze,,2021-10-07T08:50:53.000+07:00
608271301840,,,,,Parrot,Parrot Anafi,,2023-02-10T01:35:48.000+07:00
540570109618,,,,,Microsoft,Surface Laptop,,2024-10-23T13:54:54.000+07:00
118148144781,,,,,DJI,DJI Mavic,,2021-02-13T14:41:48.000+07:00
513382462134,,,,,ZTE,Axon,,2023-05-06T10:48:19.000+07:00
625258698726,,,,,Microsoft,Surface Laptop,,2021-11-05T04:32:11.000+07:00
655858017407,,,,,Hubsan,Hubsan Zino,,2020-08-29T00:00:32.000+07:00
885881498426,,,,,Asus,VivoBook,,2024-02-20T23:59:26.000+07:00
339449218916,,,,,Yuneec,Yuneec Breeze,,2021-04-03T06:43:48.000+07:00
980382677691,,,,,Asus,ZenBook,,2023-06-17T19:51:58.000+07:00
629103094321,,,,,Toshiba,Toshiba Satellite,,2022-05-20T09:01:05.000+07:00
601151767291,,,,,JJRC,JJRC H37,,2022-01-05T17:04:30.000+07:00
929300946245,,,,,Logitech,Logitech G,,2025-05-01T07:18:29.000+07:00
425269024095,,,,,Nokia,Nokia 2,,2024-09-16T15:58:45.000+07:00
467598322429,,,,,Yuneec,Yuneec Typhoon,,2020-04-22T20:54:53.000+07:00
252044567707,,,,,Contixo,Contixo F22,,2020-03-25T16:05:52.000+07:00
794048096356,,,,,TCL,Alcatel,,2024-07-10T16:01:25.000+07:00
334886416546,,,,,Hubsan,Hubsan H501S,,2022-01-05T00:28:14.000+07:00
884166077559,,,,,Contixo,Contixo F22,,2023-08-03T14:39:53.000+07:00
145368549305,,,,,Fujitsu,Fujitsu Lifebook,,2022-07-08T13:21:29.000+07:00
224634787142,,,,,Potensic,Potensic D85,,2024-12-16T08:41:00.000+07:00
585865044754,,,,,Olympus,Olympus Tough,,2021-12-26T05:12:48.000+07:00
538029422624,,,,,BenQ,BenQ SW Series,,2020-08-18T11:18:30.000+07:00
265873501440,,,,,Huawei,Mate Series,,2024-01-17T22:00:42.000+07:00
579705830534,,,,,HP,Pavilion,,2022-11-30T19:45:43.000+07:00
245820801820,,,,,Infinix,Infinix Zero,,2022-08-29T07:10:47.000+07:00
797043070251,,,,,Fujitsu,Fujitsu Stylistic,,2020-07-25T12:34:09.000+07:00
363085510628,,,,,TCL,Alcatel,,2023-07-01T20:57:55.000+07:00
781474855313,,,,,Sharp,Sharp Aquos,,2023-07-29T02:44:43.000+07:00
454425374741,,,,,SteelSeries,SteelSeries Apex,,2022-04-17T08:50:24.000+07:00
587501835479,,,,,Dell,Alienware,,2023-04-25T10:17:44.000+07:00
738964787409,,,,,TCL,BlackBerry,,2025-01-31T13:22:58.000+07:00
845654789041,,,,,Syma,Syma X5C,,2022-07-13T16:13:04.000+07:00
110675713142,,,,,Olympus,Olympus Tough,,2022-11-15T07:44:42.000+07:00
145686948341,,,,,BenQ,BenQ PD Series,,2022-12-08T20:09:08.000+07:00
536716239758,,,,,Motorola,Moto G,,2022-10-27T16:01:25.000+07:00
713792028751,,,,,Autel Robotics,Autel X-Star,,2023-06-13T23:05:54.000+07:00
685465472899,,,,,Skydio,Skydio X2,,2023-02-17T03:27:54.000+07:00
341298643426,,,,,Microsoft,Surface Pro,,2022-03-24T09:57:55.000+07:00
915581125748,,,,,Apple,iPhone,,2024-07-12T16:03:26.000+07:00
641606051338,,,,,Potensic,Potensic D80,,2024-04-20T13:10:42.000+07:00
262948696017,,,,,Fujitsu,Fujitsu Lifebook,,2020-03-19T00:00:00.000+07:00
933258387996,,,,,Infinix,Infinix Zero,,2023-06-29T22:16:06.000+07:00
129047753020,,,,,Xiaomi,Black Shark,,2023-11-26T23:19:25.000+07:00
759935566031,,,,,Google,Nest,,2023-07-07T07:44:34.000+07:00
697535457694,,,,,Canon,Canon PIXMA,,2023-02-26T07:17:34.000+07:00
936691359280,,,,,Olympus,Olympus Tough,,2022-03-27T08:34:05.000+07:00
144496607337,,,,,Potensic,Potensic D85,,2021-09-02T10:52:20.000+07:00
673652859056,,,,,Dell,Alienware,,2025-04-16T18:20:02.000+07:00
589325442809,,,,,Autel Robotics,Autel X-Star,,2020-11-21T10:52:54.000+07:00
854872975486,,,,,DBPOWER,DBPOWER MJX X400W,,2021-09-17T19:18:23.000+07:00
871534071100,,,,,Xiaomi,Black Shark,,2022-08-10T23:32:25.000+07:00
558011044605,,,,,BlackBerry,BlackBerry Key2,,2024-03-08T11:20:42.000+07:00
353771733612,,,,,Logitech,Logitech G,,2020-02-18T13:45:29.000+07:00
433274432262,,,,,Dell,Inspiron,,2025-03-24T12:20:05.000+07:00
122114277277,,,,,Alcatel,Alcatel 3,,2024-12-23T14:57:14.000+07:00
347511697215,,,,,Samsung,Galaxy Watch,,2021-10-16T18:13:45.000+07:00
790854521983,,,,,Tecno,Tecno Spark,,2023-12-19T04:46:09.000+07:00
790748857177,,,,,BlackBerry,BlackBerry Key2,,2025-03-02T11:39:55.000+07:00
307045161435,,,,,Canon,Canon PIXMA,,2025-01-30T23:32:57.000+07:00
712837322603,,,,,Contixo,Contixo F18,,2022-05-29T19:42:03.000+07:00
168984813761,,,,,Honor,Honor V40,,2020-01-16T16:24:43.000+07:00
974039033968,,,,,Sony,PlayStation,,2020-02-21T10:01:14.000+07:00
102687778773,,,,,OnePlus,OnePlus 8,,2022-11-06T14:20:56.000+07:00
107500348153,,,,,Oppo,Find Series,,2024-04-18T11:11:39.000+07:00
757890867736,,,,,BenQ,BenQ PD Series,,2023-10-27T03:04:22.000+07:00
536515839910,,,,,JJRC,JJRC H37,,2023-01-08T16:28:03.000+07:00
295102674169,,,,,Microsoft,Surface Laptop,,2020-02-13T16:47:26.000+07:00
370692225476,,,,,OnePlus,OnePlus 8,,2022-03-22T02:32:44.000+07:00
142845332268,,,,,Contixo,Contixo F18,,2024-11-05T08:44:25.000+07:00
809756864732,,,,,Infinix,Infinix Hot,,2023-05-29T06:56:25.000+07:00
895557400085,,,,,Snaptain,Snaptain SP350,,2021-03-15T19:28:42.000+07:00
200723041986,,,,,Huawei,P Series,,2023-10-01T16:09:12.000+07:00
660113325589,,,,,Hubsan,Hubsan Zino,,2024-08-31T13:42:12.000+07:00
832044078724,,,,,Logitech,Logitech MX,,2021-02-13T22:37:58.000+07:00
622168104828,,,,,Logitech,Logitech MX,,2024-10-13T04:56:05.000+07:00
712478080320,,,,,Google,Nest,,2021-09-11T20:07:27.000+07:00
947060782101,,,,,HyperX,HyperX Alloy,,2025-03-19T04:54:13.000+07:00
631265473394,,,,,Google,Chromecast,,2024-09-24T12:11:03.000+07:00
171770721473,,,,,Ruko,Ruko F11,,2023-02-08T13:00:18.000+07:00
815771756641,,,,,Corsair,Corsair M65,,2020-04-24T12:00:11.000+07:00
157511315873,,,,,Skydio,Skydio 2,,2020-06-12T13:28:05.000+07:00
985780905601,,,,,JJRC,JJRC H68,,2023-09-24T00:18:08.000+07:00
955310100783,,,,,OnePlus,OnePlus Nord,,2024-05-06T20:40:20.000+07:00
593739098189,,,,,GoPro,GoPro HERO,,2024-07-06T18:31:38.000+07:00
590989571031,,,,,Lenovo,IdeaPad,,2024-05-10T04:11:16.000+07:00
960317884246,,,,,Sony,Xperia,,2020-04-30T14:04:00.000+07:00
635258881762,,,,,JJRC,JJRC H37,,2022-12-01T14:04:03.000+07:00
156352782757,,,,,DBPOWER,DBPOWER UDI U842,,2023-06-13T12:26:14.000+07:00
626770893695,,,,,HP,Pavilion,,2022-07-07T08:23:59.000+07:00
119792559412,,,,,Hubsan,Hubsan H501S,,2023-11-22T23:27:57.000+07:00
616862228479,,,,,LG,LG V,,2020-11-04T09:13:20.000+07:00
259111152707,,,,,ZTE,Blade,,2020-01-11T19:39:29.000+07:00
275423215796,,,,,TCL,BlackBerry,,2025-02-28T08:50:07.000+07:00
121929375483,,,,,Epson,Epson WorkForce,,2023-05-30T06:13:40.000+07:00
476334455544,,,,,Skydio,Skydio 2,,2025-03-28T07:39:36.000+07:00
547336522434,,,,,Contixo,Contixo F18,,2023-12-20T10:39:35.000+07:00
133515577199,,,,,Yuneec,Yuneec Typhoon,,2020-06-06T02:41:29.000+07:00
828289830411,,,,,Dell,Alienware,,2023-01-23T07:46:39.000+07:00
533825045476,,,,,SteelSeries,SteelSeries Apex,,2021-03-13T20:04:57.000+07:00
365505613705,,,,,Nokia,Nokia 2,,2020-11-05T19:48:30.000+07:00
972774396704,,,,,ZTE,ZTE Blade,,2022-01-22T12:13:03.000+07:00
913597289090,,,,,DJI,DJI Phantom,,2024-09-15T14:29:36.000+07:00
531139027213,,,,,DBPOWER,DBPOWER UDI U842,,2024-11-24T13:51:31.000+07:00
861727495600,,,,,GoPro,GoPro MAX,,2021-01-03T22:11:50.000+07:00
411876942272,,,,,GoPro,GoPro HERO,,2022-12-01T22:51:15.000+07:00
498234932991,,,,,Contixo,Contixo F22,,2021-05-31T21:45:28.000+07:00
871707939668,,,,,Syma,Syma X5C,,2024-07-28T14:47:58.000+07:00
545281577372,,,,,Parrot,Parrot Anafi,,2023-12-08T10:29:03.000+07:00
630184103668,,,,,D-Link,DAP Series,,2024-01-31T19:05:53.000+07:00
363268358700,,,,,Epson,Epson EcoTank,,2024-04-20T08:14:21.000+07:00
883759021559,,,,,Fujifilm,Fujifilm X Series,,2023-06-22T14:08:44.000+07:00
438594221884,,,,,Apple,iPhone,,2025-02-12T19:58:54.000+07:00
693647773709,,,,,Sharp,Sharp Plasmacluster,,2022-12-19T18:49:03.000+07:00
142286139456,,,,,LG,LG V,,2024-09-03T23:29:37.000+07:00
163592865791,,,,,Razer,Razer Phone,,2022-08-09T19:56:58.000+07:00
555309189496,,,,,Xiaomi,Poco Series,,2024-04-05T02:00:23.000+07:00
720524344325,,,,,Nikon,Nikon D Series,,2021-04-06T23:36:27.000+07:00
553783624517,,,,,Huawei,Y Series,,2022-07-26T12:11:06.000+07:00
240002748649,,,,,Yuneec,Yuneec Typhoon,,2020-07-06T06:37:46.000+07:00
633528276223,,,,,D-Link,DIR Series,,2025-02-27T23:58:27.000+07:00
545208835536,,,,,DBPOWER,DBPOWER UDI U842,,2023-02-01T10:11:29.000+07:00
405461995772,,,,,Vivo,Vivo Y20,,2020-01-02T21:24:26.000+07:00
948677018715,,,,,Honor,Honor V40,,2020-04-07T17:49:33.000+07:00
939144834206,,,,,Syma,Syma X5C,,2023-11-27T09:46:21.000+07:00
204961826920,,,,,Dell,Alienware,,2024-02-10T09:00:12.000+07:00
274086264477,,,,,Infinix,Infinix Zero,,2024-02-29T07:58:07.000+07:00
301262711469,,,,,TCL,BlackBerry,,2021-06-16T07:22:20.000+07:00
583093834168,,,,,BenQ,BenQ SW Series,,2021-06-04T01:55:27.000+07:00
449064591123,,,,,Huawei,P Series,,2022-10-06T06:47:48.000+07:00
305549718922,,,,,Infinix,Infinix Zero,,2024-08-03T04:14:44.000+07:00
613046951863,,,,,GoPro,GoPro HERO,,2023-09-05T09:51:36.000+07:00
815522599160,,,,,Google,Pixel,,2022-10-17T08:55:03.000+07:00
383955015344,,,,,D-Link,DAP Series,,2021-12-23T06:25:23.000+07:00
557317654855,,,,,Corsair,Corsair M65,,2024-04-11T17:28:49.000+07:00
394248693604,,,,,HyperX,HyperX Alloy,,2022-07-31T21:45:02.000+07:00
575198433170,,,,,Fujifilm,Fujifilm GFX,,2021-02-01T18:09:02.000+07:00
248546288717,,,,,DJI,DJI Mavic,,2024-01-18T20:45:21.000+07:00
803416424998,,,,,GoPro,GoPro HERO,,2021-09-19T19:36:37.000+07:00
881051802682,,,,,Apple,iPad,,2021-12-23T20:57:41.000+07:00
328375012855,,,,,Yuneec,Yuneec Typhoon,,2023-09-30T18:35:07.000+07:00
690090469588,,,,,Toshiba,Toshiba Satellite,,2020-10-09T17:31:06.000+07:00
627353767898,,,,,Toshiba,Toshiba Tecra,,2024-12-04T19:58:10.000+07:00
817445379492,,,,,Potensic,Potensic D85,,2020-04-04T06:00:24.000+07:00
508016351481,,,,,Acer,Aspire,,2023-12-22T11:11:53.000+07:00
688737174885,,,,,Microsoft,Surface Pro,,2020-05-30T06:46:34.000+07:00
856484610594,,,,,Google,Pixel,,2024-05-01T19:41:16.000+07:00
470448438538,,,,,Olympus,Olympus OM-D,,2022-03-17T19:28:23.000+07:00
295327307685,,,,,Fujifilm,Fujifilm GFX,,2020-04-11T18:54:01.000+07:00
690349274530,,,,,Fujifilm,Fujifilm X Series,,2021-09-22T01:34:59.000+07:00
670745957901,,,,,Toshiba,Toshiba Satellite,,2023-01-09T07:54:16.000+07:00
458748826592,,,,,Acer,Swift,,2021-10-17T23:15:03.000+07:00
430191251234,,,,,Motorola,Moto Z,,2020-05-17T19:02:06.000+07:00
140503517010,,,,,Nokia,Nokia 3,,2022-02-21T17:11:37.000+07:00
982204376373,,,,,Linksys,WRT,,2020-06-23T02:34:48.000+07:00
750366704468,,,,,TP-Link,Archer,,2022-10-19T00:08:32.000+07:00
656008329777,,,,,Vivo,Vivo X Series,,2021-03-05T04:30:56.000+07:00
998709290661,,,,,HP,Envy,,2024-01-23T04:19:47.000+07:00
143600440220,,,,,DJI,DJI Phantom,,2022-06-30T22:57:37.000+07:00
832564885376,,,,,Asus,ROG,,2025-01-16T17:15:06.000+07:00
256968963280,,,,,Asus,VivoBook,,2025-01-06T15:06:11.000+07:00
759554536038,,,,,Xiaomi,Poco Series,,2024-07-29T02:50:24.000+07:00
710903507584,,,,,Nikon,Nikon Z Series,,2020-02-18T08:43:40.000+07:00
562218496104,,,,,BlackBerry,BlackBerry Key2,,2024-04-10T21:41:48.000+07:00
785436553978,,,,,Corsair,Corsair M65,,2022-07-31T08:13:50.000+07:00
983645013528,,,,,Motorola,Moto G,,2021-08-09T15:26:31.000+07:00
764719090144,,,,,Holy Stone,Holy Stone HS110D,,2024-04-12T04:59:36.000+07:00
240275563205,,,,,HP,Envy,,2022-05-12T07:31:45.000+07:00
200163712518,,,,,Lenovo,Legion,,2023-08-06T08:44:26.000+07:00
198312244185,,,,,Parrot,Parrot Bebop,,2020-04-24T09:31:38.000+07:00
434452205892,,,,,TP-Link,Kasa,,2022-03-26T10:19:32.000+07:00
702105147645,,,,,DJI,DJI Phantom,,2025-01-20T09:19:38.000+07:00
456977848462,,,,,Realme,Realme Narzo,,2022-05-03T06:46:45.000+07:00
885556950864,,,,,Toshiba,Toshiba Satellite,,2024-08-12T20:07:17.000+07:00
134697031570,,,,,Lenovo,ThinkPad,,2024-03-23T23:16:47.000+07:00
806070011473,,,,,Acer,Aspire,,2025-03-06T18:35:47.000+07:00
637663118801,,,,,D-Link,DAP Series,,2020-12-12T12:16:26.000+07:00
527603554582,,,,,Autel Robotics,Autel EVO,,2020-12-12T21:55:34.000+07:00
404078888162,,,,,DJI,DJI Mavic,,2024-03-29T19:46:40.000+07:00
706485777695,,,,,OnePlus,OnePlus Nord,,2020-04-06T23:36:37.000+07:00
714438397430,,,,,BlackBerry,BlackBerry Key2,,2023-10-27T06:56:22.000+07:00
199807677239,,,,,JJRC,JJRC H37,,2020-08-18T11:25:42.000+07:00
269249975687,,,,,JJRC,JJRC H68,,2022-07-29T02:59:47.000+07:00
746442298135,,,,,TP-Link,Kasa,,2023-08-07T01:19:50.000+07:00
458787928807,,,,,Google,Pixel,,2020-11-02T16:06:36.000+07:00
802199142961,,,,,SteelSeries,SteelSeries Apex,,2020-10-08T15:50:06.000+07:00
523124439802,,,,,Infinix,Infinix Zero,,2023-02-03T00:48:46.000+07:00
604491621456,,,,,DJI,DJI Phantom,,2021-03-20T14:05:57.000+07:00
502563867138,,,,,D-Link,DIR Series,,2022-07-06T10:03:58.000+07:00
227474073803,,,,,OnePlus,OnePlus 8,,2023-03-15T12:46:32.000+07:00
893126189216,,,,,DBPOWER,DBPOWER MJX X400W,,2022-06-21T17:26:17.000+07:00
889837844029,,,,,Contixo,Contixo F22,,2023-05-06T14:55:43.000+07:00
294431898853,,,,,Fujitsu,Fujitsu Stylistic,,2024-08-30T07:54:30.000+07:00
770809481579,,,,,HP,Spectre,,2022-12-26T17:17:07.000+07:00
377117991792,,,,,Skydio,Skydio 2,,2024-07-03T04:26:26.000+07:00
156190038672,,,,,Epson,Epson WorkForce,,2024-04-27T08:49:57.000+07:00
638166169611,,,,,Snaptain,Snaptain SP3000,,2020-09-13T17:09:43.000+07:00
512250192856,,,,,HyperX,HyperX Alloy,,2024-09-11T18:55:44.000+07:00
467958309577,,,,,DBPOWER,DBPOWER MJX X400W,,2021-12-02T06:39:44.000+07:00
563283879295,,,,,Infinix,Infinix Hot,,2024-05-28T16:06:21.000+07:00
119717348234,,,,,Vivo,Vivo Y20,,2022-03-12T06:10:15.000+07:00
395318073626,,,,,Fujitsu,Fujitsu Stylistic,,2024-02-13T00:08:00.000+07:00
607758188634,,,,,Dell,Alienware,,2023-01-11T02:23:41.000+07:00
528942115795,,,,,TP-Link,Archer,,2020-03-06T01:13:51.000+07:00
893975706177,,,,,Parrot,Parrot Bebop,,2021-09-29T08:56:25.000+07:00
628064149807,,,,,Dell,Inspiron,,2022-11-13T03:02:33.000+07:00
883402885814,,,,,Panasonic,Panasonic Lumix,,2024-05-07T04:21:38.000+07:00
514462811149,,,,,Xiaomi,Mi Series,,2023-02-21T12:37:04.000+07:00
631664985124,,,,,DJI,DJI Mavic,,2023-08-29T12:16:24.000+07:00
894427443752,,,,,Ruko,Ruko F11,,2020-08-05T09:49:40.000+07:00
886738830546,,,,,Toshiba,Toshiba Satellite,,2025-02-16T14:40:24.000+07:00
657870134538,,,,,Corsair,Corsair M65,,2023-10-29T10:04:01.000+07:00
444264598765,,,,,Tecno,Tecno Spark,,2024-12-08T03:08:16.000+07:00
859934406805,,,,,LG,LG K,,2024-07-11T10:39:59.000+07:00
822031758873,,,,,Apple,MacBook,,2023-06-29T03:05:16.000+07:00
903046137936,,,,,TP-Link,Deco,,2020-01-27T16:15:51.000+07:00
408165438289,,,,,Holy Stone,Holy Stone HS720,,2022-11-10T14:29:46.000+07:00
413487316582,,,,,Sharp,Sharp Aquos,,2022-02-14T10:36:55.000+07:00
376517743020,,,,,Skydio,Skydio 2,,2021-11-20T07:31:11.000+07:00
414723412751,,,,,Epson,Epson EcoTank,,2024-08-29T22:41:52.000+07:00
250448969551,,,,,Autel Robotics,Autel EVO,,2022-12-07T14:11:26.000+07:00
170799636849,,,,,Netgear,Orbi,,2021-07-11T08:21:42.000+07:00
625140830040,,,,,Olympus,Olympus Tough,,2023-07-08T07:53:25.000+07:00
844582528658,,,,,Vivo,Vivo Y20,,2023-06-30T22:22:20.000+07:00
857712790419,,,,,Panasonic,Panasonic Lumix,,2022-09-27T05:20:23.000+07:00
647755937626,,,,,Netgear,Orbi,,2023-12-07T09:39:40.000+07:00
281515800568,,,,,Linksys,Velop,,2020-06-27T12:12:30.000+07:00
295325231542,,,,,ZTE,Blade,,2020-03-17T16:37:51.000+07:00
242949921103,,,,,TP-Link,Kasa,,2023-11-02T18:30:57.000+07:00
109145601579,,,,,DJI,DJI Mavic,,2023-02-11T07:08:46.000+07:00
742308564044,,,,,D-Link,DIR Series,,2025-01-07T23:45:03.000+07:00
584878319200,,,,,Motorola,Moto E,,2022-05-24T10:17:37.000+07:00
306045022545,,,,,Sony,PlayStation,,2022-09-23T16:01:54.000+07:00
417835422399,,,,,Syma,Syma X5C,,2022-07-06T04:06:50.000+07:00
927267240959,,,,,Epson,Epson EcoTank,,2023-06-17T18:16:44.000+07:00
342055414740,,,,,Contixo,Contixo F18,,2024-05-27T17:24:22.000+07:00
445609104137,,,,,Toshiba,Toshiba Tecra,,2024-07-13T09:19:16.000+07:00
113350364336,,,,,HP,Pavilion,,2024-09-09T18:36:16.000+07:00
608563245869,,,,,Netgear,Nighthawk,,2021-10-19T10:25:57.000+07:00
811123791157,,,,,Fujitsu,Fujitsu Lifebook,,2020-12-26T00:46:48.000+07:00
513877491641,,,,,Google,Pixel,,2020-02-23T18:59:02.000+07:00
581419394761,,,,,Alcatel,Alcatel 3,,2021-10-22T21:06:33.000+07:00
898427019961,,,,,Xiaomi,Poco Series,,2023-03-11T17:15:12.000+07:00
143610016241,,,,,Honor,Honor V40,,2022-08-22T22:00:32.000+07:00
216780999608,,,,,D-Link,DAP Series,,2024-09-10T18:50:30.000+07:00
922274108507,,,,,Razer,Razer Phone,,2022-03-30T16:05:06.000+07:00
504071568705,,,,,ZTE,ZTE Blade,,2022-02-15T12:05:54.000+07:00
509485644716,,,,,DBPOWER,DBPOWER UDI U842,,2023-04-21T12:53:48.000+07:00
986896574882,,,,,Nokia,Nokia 2,,2023-09-05T20:55:40.000+07:00
443204298276,,,,,Yuneec,Yuneec Breeze,,2024-04-11T11:33:27.000+07:00
170146958560,,,,,Yuneec,Yuneec Typhoon,,2020-11-23T16:40:26.000+07:00
822012006254,,,,,Toshiba,Toshiba Tecra,,2021-07-09T17:27:26.000+07:00
771687939970,,,,,Yuneec,Yuneec Typhoon,,2021-06-21T17:32:16.000+07:00
195866250777,,,,,Epson,Epson WorkForce,,2022-07-27T15:56:58.000+07:00
304767856691,,,,,ZTE,ZTE Blade,,2020-03-05T01:04:06.000+07:00
765389040482,,,,,Lenovo,Legion,,2023-10-28T17:22:47.000+07:00
541471350375,,,,,Nikon,Nikon Z Series,,2021-06-26T00:04:06.000+07:00
967082586357,,,,,Epson,Epson WorkForce,,2024-09-07T15:10:41.000+07:00
475308466197,,,,,Samsung,Galaxy Watch,,2020-06-11T21:21:19.000+07:00
869741821005,,,,,Microsoft,Surface Pro,,2023-03-25T14:49:13.000+07:00
461808517181,,,,,ZTE,ZTE Blade,,2024-10-08T23:08:43.000+07:00
725323342499,,,,,Snaptain,Snaptain SP3000,,2023-09-22T17:19:15.000+07:00
820087046754,,,,,Yuneec,Yuneec Typhoon,,2023-07-13T21:18:32.000+07:00
845526947901,,,,,Realme,Realme Narzo,,2023-05-10T17:34:59.000+07:00
756713143403,,,,,Autel Robotics,Autel EVO,,2021-03-27T21:01:54.000+07:00
620415711992,,,,,Olympus,Olympus Tough,,2021-07-11T11:21:40.000+07:00
785042219592,,,,,Autel Robotics,Autel X-Star,,2021-04-20T07:59:06.000+07:00
271649078310,,,,,D-Link,DIR Series,,2022-08-08T22:22:54.000+07:00
646625951989,,,,,Syma,Syma X5C,,2020-06-09T00:03:09.000+07:00
407967021651,,,,,Lenovo,IdeaPad,,2024-01-26T16:49:28.000+07:00
891579235556,,,,,Hubsan,Hubsan Zino,,2024-03-26T20:31:58.000+07:00
354499904931,,,,,Microsoft,Surface Book,,2024-12-23T10:52:14.000+07:00
573378156532,,,,,Parrot,Parrot Bebop,,2024-08-08T03:27:01.000+07:00
982058662405,,,,,BlackBerry,BlackBerry Key2,,2024-01-28T22:29:37.000+07:00
419447620583,,,,,Dell,XPS,,2024-12-02T07:03:04.000+07:00
